Workbook

Sheet Summary
A1: Telco churn - executive summary
A2: IBM Telco Customer Churn sample, one snapshot of 7k customers
A3: KPI | B3: Value
A4: Customers | B4: =COUNTA(Data!$A$2:$A$7044)
A5: Churned | B5: =SUM(Data!$N$2:$N$7044)
A6: Churn rate | B6: =AVERAGE(Data!$N$2:$N$7044)
A7: Monthly recurring revenue | B7: =SUM(Data!$L$2:$L$7044)
A8: MRR lost to churn | B8: =SUMIFS(Data!$L$2:$L$7044,Data!$N$2:$N$7044,1)
A9: Share of MRR lost | B9: =IFERROR(B8/B7,0)
A10: Avg tenure, churned (m) | B10: =AVERAGEIFS(Data!$I$2:$I$7044,Data!$N$2:$N$7044,1)
A11: Avg tenure, retained (m) | B11: =AVERAGEIFS(Data!$I$2:$I$7044,Data!$N$2:$N$7044,0)
A14: By contract
A15: Contract Type | B15: Customers | C15: Churned | D15: Churn rate | E15: MRR | F15: MRR lost | G15: Avg tenure (m) | H15: Share of base
A16: Month-to-month | B16: =COUNTIFS(Data!$F$2:$F$7044,$A16) | C16: =COUNTIFS(Data!$F$2:$F$7044,$A16,Data!$N$2:$N$7044,1) | D16: =IFERROR(C16/B16,0) | E16: =SUMIFS(Data!$L$2:$L$7044,Data!$F$2:$F$7044,$A16) | F16: =SUMIFS(Data!$L$2:$L$7044,Data!$F$2:$F$7044,$A16,Data!$N$2:$N$7044,1) | G16: =IFERROR(AVERAGEIFS(Data!$I$2:$I$7044,Data!$F$2:$F$7044,$A16),0) | H16: =IFERROR(B16/SUM($B$16:$B$18),0)
A17: One year | B17: =COUNTIFS(Data!$F$2:$F$7044,$A17) | C17: =COUNTIFS(Data!$F$2:$F$7044,$A17,Data!$N$2:$N$7044,1) | D17: =IFERROR(C17/B17,0) | E17: =SUMIFS(Data!$L$2:$L$7044,Data!$F$2:$F$7044,$A17) | F17: =SUMIFS(Data!$L$2:$L$7044,Data!$F$2:$F$7044,$A17,Data!$N$2:$N$7044,1) | G17: =IFERROR(AVERAGEIFS(Data!$I$2:$I$7044,Data!$F$2:$F$7044,$A17),0) | H17: =IFERROR(B17/SUM($B$16:$B$18),0)
A18: Two year | B18: =COUNTIFS(Data!$F$2:$F$7044,$A18) | C18: =COUNTIFS(Data!$F$2:$F$7044,$A18,Data!$N$2:$N$7044,1) | D18: =IFERROR(C18/B18,0) | E18: =SUMIFS(Data!$L$2:$L$7044,Data!$F$2:$F$7044,$A18) | F18: =SUMIFS(Data!$L$2:$L$7044,Data!$F$2:$F$7044,$A18,Data!$N$2:$N$7044,1) | G18: =IFERROR(AVERAGEIFS(Data!$I$2:$I$7044,Data!$F$2:$F$7044,$A18),0) | H18: =IFERROR(B18/SUM($B$16:$B$18),0)
A29: By internet service
A30: Internet Service | B30: Customers | C30: Churned | D30: Churn rate | E30: MRR | F30: MRR lost | G30: Avg tenure (m) | H30: Share of base
A31: Fiber optic | B31: =COUNTIFS(Data!$H$2:$H$7044,$A31) | C31: =COUNTIFS(Data!$H$2:$H$7044,$A31,Data!$N$2:$N$7044,1) | D31: =IFERROR(C31/B31,0) | E31: =SUMIFS(Data!$L$2:$L$7044,Data!$H$2:$H$7044,$A31) | F31: =SUMIFS(Data!$L$2:$L$7044,Data!$H$2:$H$7044,$A31,Data!$N$2:$N$7044,1) | G31: =IFERROR(AVERAGEIFS(Data!$I$2:$I$7044,Data!$H$2:$H$7044,$A31),0) | H31: =IFERROR(B31/SUM($B$31:$B$33),0)
A32: DSL | B32: =COUNTIFS(Data!$H$2:$H$7044,$A32) | C32: =COUNTIFS(Data!$H$2:$H$7044,$A32,Data!$N$2:$N$7044,1) | D32: =IFERROR(C32/B32,0) | E32: =SUMIFS(Data!$L$2:$L$7044,Data!$H$2:$H$7044,$A32) | F32: =SUMIFS(Data!$L$2:$L$7044,Data!$H$2:$H$7044,$A32,Data!$N$2:$N$7044,1) | G32: =IFERROR(AVERAGEIFS(Data!$I$2:$I$7044,Data!$H$2:$H$7044,$A32),0) | H32: =IFERROR(B32/SUM($B$31:$B$33),0)
A33: No | B33: =COUNTIFS(Data!$H$2:$H$7044,$A33) | C33: =COUNTIFS(Data!$H$2:$H$7044,$A33,Data!$N$2:$N$7044,1) | D33: =IFERROR(C33/B33,0) | E33: =SUMIFS(Data!$L$2:$L$7044,Data!$H$2:$H$7044,$A33) | F33: =SUMIFS(Data!$L$2:$L$7044,Data!$H$2:$H$7044,$A33,Data!$N$2:$N$7044,1) | G33: =IFERROR(AVERAGEIFS(Data!$I$2:$I$7044,Data!$H$2:$H$7044,$A33),0) | H33: =IFERROR(B33/SUM($B$31:$B$33),0)
A44: By payment method
A45: Payment Method | B45: Customers | C45: Churned | D45: Churn rate | E45: MRR | F45: MRR lost | G45: Avg tenure (m) | H45: Share of base
A46: Bank transfer (automatic) | B46: =COUNTIFS(Data!$G$2:$G$7044,$A46) | C46: =COUNTIFS(Data!$G$2:$G$7044,$A46,Data!$N$2:$N$7044,1) | D46: =IFERROR(C46/B46,0) | E46: =SUMIFS(Data!$L$2:$L$7044,Data!$G$2:$G$7044,$A46) | F46: =SUMIFS(Data!$L$2:$L$7044,Data!$G$2:$G$7044,$A46,Data!$N$2:$N$7044,1) | G46: =IFERROR(AVERAGEIFS(Data!$I$2:$I$7044,Data!$G$2:$G$7044,$A46),0) | H46: =IFERROR(B46/SUM($B$46:$B$49),0)
A47: Credit card (automatic) | B47: =COUNTIFS(Data!$G$2:$G$7044,$A47) | C47: =COUNTIFS(Data!$G$2:$G$7044,$A47,Data!$N$2:$N$7044,1) | D47: =IFERROR(C47/B47,0) | E47: =SUMIFS(Data!$L$2:$L$7044,Data!$G$2:$G$7044,$A47) | F47: =SUMIFS(Data!$L$2:$L$7044,Data!$G$2:$G$7044,$A47,Data!$N$2:$N$7044,1) | G47: =IFERROR(AVERAGEIFS(Data!$I$2:$I$7044,Data!$G$2:$G$7044,$A47),0) | H47: =IFERROR(B47/SUM($B$46:$B$49),0)
A48: Electronic check | B48: =COUNTIFS(Data!$G$2:$G$7044,$A48) | C48: =COUNTIFS(Data!$G$2:$G$7044,$A48,Data!$N$2:$N$7044,1) | D48: =IFERROR(C48/B48,0) | E48: =SUMIFS(Data!$L$2:$L$7044,Data!$G$2:$G$7044,$A48) | F48: =SUMIFS(Data!$L$2:$L$7044,Data!$G$2:$G$7044,$A48,Data!$N$2:$N$7044,1) | G48: =IFERROR(AVERAGEIFS(Data!$I$2:$I$7044,Data!$G$2:$G$7044,$A48),0) | H48: =IFERROR(B48/SUM($B$46:$B$49),0)
A49: Mailed check | B49: =COUNTIFS(Data!$G$2:$G$7044,$A49) | C49: =COUNTIFS(Data!$G$2:$G$7044,$A49,Data!$N$2:$N$7044,1) | D49: =IFERROR(C49/B49,0) | E49: =SUMIFS(Data!$L$2:$L$7044,Data!$G$2:$G$7044,$A49) | F49: =SUMIFS(Data!$L$2:$L$7044,Data!$G$2:$G$7044,$A49,Data!$N$2:$N$7044,1) | G49: =IFERROR(AVERAGEIFS(Data!$I$2:$I$7044,Data!$G$2:$G$7044,$A49),0) | H49: =IFERROR(B49/SUM($B$46:$B$49),0)
A59: By tenure band
A60: Tenure Band | B60: Customers | C60: Churned | D60: Churn rate | E60: MRR | F60: MRR lost | G60: Avg tenure (m) | H60: Share of base
A61: 0-6m | B61: =COUNTIFS(Data!$J$2:$J$7044,$A61) | C61: =COUNTIFS(Data!$J$2:$J$7044,$A61,Data!$N$2:$N$7044,1) | D61: =IFERROR(C61/B61,0) | E61: =SUMIFS(Data!$L$2:$L$7044,Data!$J$2:$J$7044,$A61) | F61: =SUMIFS(Data!$L$2:$L$7044,Data!$J$2:$J$7044,$A61,Data!$N$2:$N$7044,1) | G61: =IFERROR(AVERAGEIFS(Data!$I$2:$I$7044,Data!$J$2:$J$7044,$A61),0) | H61: =IFERROR(B61/SUM($B$61:$B$66),0)
A62: 7-12m | B62: =COUNTIFS(Data!$J$2:$J$7044,$A62) | C62: =COUNTIFS(Data!$J$2:$J$7044,$A62,Data!$N$2:$N$7044,1) | D62: =IFERROR(C62/B62,0) | E62: =SUMIFS(Data!$L$2:$L$7044,Data!$J$2:$J$7044,$A62) | F62: =SUMIFS(Data!$L$2:$L$7044,Data!$J$2:$J$7044,$A62,Data!$N$2:$N$7044,1) | G62: =IFERROR(AVERAGEIFS(Data!$I$2:$I$7044,Data!$J$2:$J$7044,$A62),0) | H62: =IFERROR(B62/SUM($B$61:$B$66),0)
A63: 13-24m | B63: =COUNTIFS(Data!$J$2:$J$7044,$A63) | C63: =COUNTIFS(Data!$J$2:$J$7044,$A63,Data!$N$2:$N$7044,1) | D63: =IFERROR(C63/B63,0) | E63: =SUMIFS(Data!$L$2:$L$7044,Data!$J$2:$J$7044,$A63) | F63: =SUMIFS(Data!$L$2:$L$7044,Data!$J$2:$J$7044,$A63,Data!$N$2:$N$7044,1) | G63: =IFERROR(AVERAGEIFS(Data!$I$2:$I$7044,Data!$J$2:$J$7044,$A63),0) | H63: =IFERROR(B63/SUM($B$61:$B$66),0)
A64: 25-48m | B64: =COUNTIFS(Data!$J$2:$J$7044,$A64) | C64: =COUNTIFS(Data!$J$2:$J$7044,$A64,Data!$N$2:$N$7044,1) | D64: =IFERROR(C64/B64,0) | E64: =SUMIFS(Data!$L$2:$L$7044,Data!$J$2:$J$7044,$A64) | F64: =SUMIFS(Data!$L$2:$L$7044,Data!$J$2:$J$7044,$A64,Data!$N$2:$N$7044,1) | G64: =IFERROR(AVERAGEIFS(Data!$I$2:$I$7044,Data!$J$2:$J$7044,$A64),0) | H64: =IFERROR(B64/SUM($B$61:$B$66),0)
A65: 49-60m | B65: =COUNTIFS(Data!$J$2:$J$7044,$A65) | C65: =COUNTIFS(Data!$J$2:$J$7044,$A65,Data!$N$2:$N$7044,1) | D65: =IFERROR(C65/B65,0) | E65: =SUMIFS(Data!$L$2:$L$7044,Data!$J$2:$J$7044,$A65) | F65: =SUMIFS(Data!$L$2:$L$7044,Data!$J$2:$J$7044,$A65,Data!$N$2:$N$7044,1) | G65: =IFERROR(AVERAGEIFS(Data!$I$2:$I$7044,Data!$J$2:$J$7044,$A65),0) | H65: =IFERROR(B65/SUM($B$61:$B$66),0)
A66: 61m+ | B66: =COUNTIFS(Data!$J$2:$J$7044,$A66) | C66: =COUNTIFS(Data!$J$2:$J$7044,$A66,Data!$N$2:$N$7044,1) | D66: =IFERROR(C66/B66,0) | E66: =SUMIFS(Data!$L$2:$L$7044,Data!$J$2:$J$7044,$A66) | F66: =SUMIFS(Data!$L$2:$L$7044,Data!$J$2:$J$7044,$A66,Data!$N$2:$N$7044,1) | G66: =IFERROR(AVERAGEIFS(Data!$I$2:$I$7044,Data!$J$2:$J$7044,$A66),0) | H66: =IFERROR(B66/SUM($B$61:$B$66),0)

Sheet Risk & Campaign
A1: Churn risk and retention campaign
A2: Scores from the best model; change Assumptions to rerun the maths
A4: Risk tier | B4: Customers | C4: Avg predicted | D4: Actual churn rate | E4: MRR in tier | F4: Expected MRR at risk
A5: Critical | B5: =COUNTIFS(Data!$P$2:$P$7044,$A5) | C5: =IFERROR(AVERAGEIFS(Data!$O$2:$O$7044,Data!$P$2:$P$7044,$A5),0) | D5: =IFERROR(COUNTIFS(Data!$P$2:$P$7044,$A5,Data!$N$2:$N$7044,1)/B5,0) | E5: =SUMIFS(Data!$L$2:$L$7044,Data!$P$2:$P$7044,$A5) | F5: =SUMPRODUCT((Data!$P$2:$P$7044=$A5)*Data!$O$2:$O$7044*Data!$L$2:$L$7044)
A6: High | B6: =COUNTIFS(Data!$P$2:$P$7044,$A6) | C6: =IFERROR(AVERAGEIFS(Data!$O$2:$O$7044,Data!$P$2:$P$7044,$A6),0) | D6: =IFERROR(COUNTIFS(Data!$P$2:$P$7044,$A6,Data!$N$2:$N$7044,1)/B6,0) | E6: =SUMIFS(Data!$L$2:$L$7044,Data!$P$2:$P$7044,$A6) | F6: =SUMPRODUCT((Data!$P$2:$P$7044=$A6)*Data!$O$2:$O$7044*Data!$L$2:$L$7044)
A7: Medium | B7: =COUNTIFS(Data!$P$2:$P$7044,$A7) | C7: =IFERROR(AVERAGEIFS(Data!$O$2:$O$7044,Data!$P$2:$P$7044,$A7),0) | D7: =IFERROR(COUNTIFS(Data!$P$2:$P$7044,$A7,Data!$N$2:$N$7044,1)/B7,0) | E7: =SUMIFS(Data!$L$2:$L$7044,Data!$P$2:$P$7044,$A7) | F7: =SUMPRODUCT((Data!$P$2:$P$7044=$A7)*Data!$O$2:$O$7044*Data!$L$2:$L$7044)
A8: Low | B8: =COUNTIFS(Data!$P$2:$P$7044,$A8) | C8: =IFERROR(AVERAGEIFS(Data!$O$2:$O$7044,Data!$P$2:$P$7044,$A8),0) | D8: =IFERROR(COUNTIFS(Data!$P$2:$P$7044,$A8,Data!$N$2:$N$7044,1)/B8,0) | E8: =SUMIFS(Data!$L$2:$L$7044,Data!$P$2:$P$7044,$A8) | F8: =SUMPRODUCT((Data!$P$2:$P$7044=$A8)*Data!$O$2:$O$7044*Data!$L$2:$L$7044)
A11: Campaign simulator (test split only, so results are out-of-sample)
A13: Test customers | B13: =COUNTIFS(Data!$R$2:$R$7044,"test")
A14: Contacted (p >= threshold) | B14: =COUNTIFS(Data!$R$2:$R$7044,"test",Data!$O$2:$O$7044,">="&Assumptions!$B$8)
A15: ...of whom actually churned | B15: =COUNTIFS(Data!$R$2:$R$7044,"test",Data!$O$2:$O$7044,">="&Assumptions!$B$8,Data!$N$2:$N$7044,1)
A16: Churners in test split | B16: =COUNTIFS(Data!$R$2:$R$7044,"test",Data!$N$2:$N$7044,1)
A17: Recall (churners reached) | B17: =IFERROR(B15/B16,0)
A18: Precision (hit rate) | B18: =IFERROR(B15/B14,0)
A19: Campaign cost | B19: =B14*Assumptions!$B$5
A20: Revenue retained | B20: =Assumptions!$B$7*Assumptions!$B$6*SUMIFS(Data!$L$2:$L$7044,Data!$R$2:$R$7044,"test",Data!$O$2:$O$7044,">="&Assumptions!$B$8,Data!$N$2:$N$7044,1)
A21: Net value | B21: =B20-B19
A22: ROI | B22: =IFERROR(B21/B19,0)

Sheet Segments
A1: Customer segments (k-means)
A2: Clusters built without the churn label; churn only used to describe them
A4: Segment | B4: Customers | C4: Churn rate | D4: Avg monthly charge | E4: Avg tenure (m) | F4: Avg services | G4: MRR lost
A5: Loyal, long contract, bundled | B5: =COUNTIFS(Data!$Q$2:$Q$7044,$A5) | C5: =IFERROR(COUNTIFS(Data!$Q$2:$Q$7044,$A5,Data!$N$2:$N$7044,1)/B5,0) | D5: =IFERROR(AVERAGEIFS(Data!$L$2:$L$7044,Data!$Q$2:$Q$7044,$A5),0) | E5: =IFERROR(AVERAGEIFS(Data!$I$2:$I$7044,Data!$Q$2:$Q$7044,$A5),0) | F5: =IFERROR(AVERAGEIFS(Data!$K$2:$K$7044,Data!$Q$2:$Q$7044,$A5),0) | G5: =SUMIFS(Data!$L$2:$L$7044,Data!$Q$2:$Q$7044,$A5,Data!$N$2:$N$7044,1)
A6: Mid-life, long contract, phone-only | B6: =COUNTIFS(Data!$Q$2:$Q$7044,$A6) | C6: =IFERROR(COUNTIFS(Data!$Q$2:$Q$7044,$A6,Data!$N$2:$N$7044,1)/B6,0) | D6: =IFERROR(AVERAGEIFS(Data!$L$2:$L$7044,Data!$Q$2:$Q$7044,$A6),0) | E6: =IFERROR(AVERAGEIFS(Data!$I$2:$I$7044,Data!$Q$2:$Q$7044,$A6),0) | F6: =IFERROR(AVERAGEIFS(Data!$K$2:$K$7044,Data!$Q$2:$Q$7044,$A6),0) | G6: =SUMIFS(Data!$L$2:$L$7044,Data!$Q$2:$Q$7044,$A6,Data!$N$2:$N$7044,1)
A7: Mid-life, month-to-month, core internet | B7: =COUNTIFS(Data!$Q$2:$Q$7044,$A7) | C7: =IFERROR(COUNTIFS(Data!$Q$2:$Q$7044,$A7,Data!$N$2:$N$7044,1)/B7,0) | D7: =IFERROR(AVERAGEIFS(Data!$L$2:$L$7044,Data!$Q$2:$Q$7044,$A7),0) | E7: =IFERROR(AVERAGEIFS(Data!$I$2:$I$7044,Data!$Q$2:$Q$7044,$A7),0) | F7: =IFERROR(AVERAGEIFS(Data!$K$2:$K$7044,Data!$Q$2:$Q$7044,$A7),0) | G7: =SUMIFS(Data!$L$2:$L$7044,Data!$Q$2:$Q$7044,$A7,Data!$N$2:$N$7044,1)
A8: New, month-to-month, core internet | B8: =COUNTIFS(Data!$Q$2:$Q$7044,$A8) | C8: =IFERROR(COUNTIFS(Data!$Q$2:$Q$7044,$A8,Data!$N$2:$N$7044,1)/B8,0) | D8: =IFERROR(AVERAGEIFS(Data!$L$2:$L$7044,Data!$Q$2:$Q$7044,$A8),0) | E8: =IFERROR(AVERAGEIFS(Data!$I$2:$I$7044,Data!$Q$2:$Q$7044,$A8),0) | F8: =IFERROR(AVERAGEIFS(Data!$K$2:$K$7044,Data!$Q$2:$Q$7044,$A8),0) | G8: =SUMIFS(Data!$L$2:$L$7044,Data!$Q$2:$Q$7044,$A8,Data!$N$2:$N$7044,1)

Sheet Assumptions
A1: Campaign assumptions
A2: Yellow cells are inputs - everything else recalculates from them
A4: Assumption | B4: Value | C4: Note
A5: Offer cost per contacted customer ($) | B5: 50 | C5: credit + agent handling time
A6: Months of revenue kept per saved churner | B6: 8 | C6: avg. extra lifetime after accepting
A7: Offer acceptance rate among churners | B7: 0.3 | C7: assumption - replace with the measured rate once a pilot has run
A8: Contact threshold (churn probability) | B8: 0.34 | C8: chosen on the validation set by the Python pipeline

Sheet Data
A1: customer_id | B1: gender | C1: senior_citizen | D1: partner | E1: dependents | F1: contract_type | G1: payment_method | H1: internet_service | I1: tenure | J1: tenure_band | K1: n_services | L1: monthly_charges | M1: total_charges | N1: churn | O1: churn_probability | P1: risk_tier | Q1: segment_name | R1: split
A2: 7590-VHVEG | B2: Female | C2: 0 | D2: 1 | E2: 0 | F2: Month-to-month | G2: Electronic check | H2: DSL | I2: 1 | J2: 0-6m | K2: 2 | L2: 29.85 | M2: 29.85 | N2: 0 | O2: 0.74181002 | P2: Critical | Q2: New, month-to-month, core internet | R2: valid
A3: 5575-GNVDE | B3: Male | C3: 0 | D3: 0 | E3: 0 | F3: One year | G3: Mailed check | H3: DSL | I3: 34 | J3: 25-48m | K3: 4 | L3: 56.95 | M3: 1889.5 | N3: 0 | O3: 0.045480002 | P3: Low | Q3: New, month-to-month, core internet | R3: test
A4: 3668-QPYBK | B4: Male | C4: 0 | D4: 0 | E4: 0 | F4: Month-to-month | G4: Mailed check | H4: DSL | I4: 2 | J4: 0-6m | K4: 4 | L4: 53.85 | M4: 108.15 | N4: 1 | O4: 0.41023001 | P4: High | Q4: New, month-to-month, core internet | R4: train
A5: 7795-CFOCW | B5: Male | C5: 0 | D5: 0 | E5: 0 | F5: One year | G5: Bank transfer (automatic) | H5: DSL | I5: 45 | J5: 25-48m | K5: 4 | L5: 42.3 | M5: 1840.75 | N5: 0 | O5: 0.035999998 | P5: Low | Q5: Mid-life, month-to-month, core internet | R5: train
A6: 9237-HQITU | B6: Female | C6: 0 | D6: 0 | E6: 0 | F6: Month-to-month | G6: Electronic check | H6: Fiber optic | I6: 2 | J6: 0-6m | K6: 2 | L6: 70.7 | M6: 151.65 | N6: 1 | O6: 0.77939999 | P6: Critical | Q6: New, month-to-month, core internet | R6: train
A7: 9305-CDSKC | B7: Female | C7: 0 | D7: 0 | E7: 0 | F7: Month-to-month | G7: Electronic check | H7: Fiber optic | I7: 8 | J7: 7-12m | K7: 6 | L7: 99.65 | M7: 820.5 | N7: 1 | O7: 0.85557997 | P7: Critical | Q7: New, month-to-month, core internet | R7: valid
A8: 1452-KIOVK | B8: Male | C8: 0 | D8: 0 | E8: 1 | F8: Month-to-month | G8: Credit card (automatic) | H8: Fiber optic | I8: 22 | J8: 13-24m | K8: 5 | L8: 89.1 | M8: 1949.4 | N8: 0 | O8: 0.55544001 | P8: High | Q8: Mid-life, month-to-month, core internet | R8: train
A9: 6713-OKOMC | B9: Female | C9: 0 | D9: 0 | E9: 0 | F9: Month-to-month | G9: Mailed check | H9: DSL | I9: 10 | J9: 7-12m | K9: 2 | L9: 29.75 | M9: 301.9 | N9: 0 | O9: 0.14504001 | P9: Low | Q9: New, month-to-month, core internet | R9: train
A10: 7892-POOKP | B10: Female | C10: 0 | D10: 1 | E10: 0 | F10: Month-to-month | G10: Electronic check | H10: Fiber optic | I10: 28 | J10: 25-48m | K10: 7 | L10: 104.8 | M10: 3046.05 | N10: 1 | O10: 0.64835 | P10: Critical | Q10: New, month-to-month, core internet | R10: test
A11: 6388-TABGU | B11: Male | C11: 0 | D11: 0 | E11: 1 | F11: One year | G11: Bank transfer (automatic) | H11: DSL | I11: 62 | J11: 61m+ | K11: 4 | L11: 56.15 | M11: 3487.95 | N11: 0 | O11: 0.035730001 | P11: Low | Q11: Mid-life, month-to-month, core internet | R11: train
A12: 9763-GRSKD | B12: Male | C12: 0 | D12: 1 | E12: 1 | F12: Month-to-month | G12: Mailed check | H12: DSL | I12: 13 | J12: 13-24m | K12: 3 | L12: 49.95 | M12: 587.45 | N12: 0 | O12: 0.18975 | P12: Low | Q12: New, month-to-month, core internet | R12: train
A13: 7469-LKBCI | B13: Male | C13: 0 | D13: 0 | E13: 0 | F13: Two year | G13: Credit card (automatic) | H13: No | I13: 16 | J13: 13-24m | K13: 1 | L13: 18.95 | M13: 326.8 | N13: 0 | O13: 0.027170001 | P13: Low | Q13: Mid-life, long contract, phone-only | R13: train
... A7044: 3186-AJIEK | B7044: Male | C7044: 0 | D7044: 0 | E7044: 0 | F7044: Two year | G7044: Bank transfer (automatic) | H7044: Fiber optic | I7044: 66 | J7044: 61m+ | K7044: 7 | L7044: 105.65 | M7044: 6844.5 | N7044: 0 | O7044: 0.04761 | P7044: Low | Q7044: Loyal, long contract, bundled | R7044: train
